0,
-0.000662604,
-0.00506026,
0.00428978,
0.00188289,
-4.91394e-05,
0.0114992,
0.0145763,
0.0169034,
0.0141397,
0.0108657,
0.00443211,
0.0102772,
0.0088454,
-0.012461,
-0.00550267,
-0.00979214,
-0.00130684,
-0.0125769,
-0.00633215,
0.00807139,
0.00406544,
0.0139719,
0.0142688,
0.0164392,
0.010496,
0.0110176,
0.0092546,
0.00181941,
-0.00867392,
-0.00974258,
-0.00609568,
-0.00752994,
0.0102095,
0.00532649,
0.0108721,
0.00920763,
0.0207444,
0.0192181,
0.01883,
0.015439,
0.0211501,
0.00914388,
-0.0022126,
-0.0105686,
-0.00368037,
-0.00411113,
0.00311533,
0.00358926,
0.00706207,
0.00442699,
0.0119097,
0.0180301,
0.0151865,
0.0112444,
0.00997811,
0.00885447,
0.0071448,
-0.00707221,
-0.00458165,
-0.00257563,
-0.0127535,
0.000138235,
0.00347725,
9.79753e-05,
0.00692088,
0.00843031,
0.00655581,
0.0152334,
-0.0033866,
0.00514514,
0.00801371,
-4.30681e-05,
-0.0140129,
-0.00652226,
-0.00104627,
-0.00684912,
-0.0070568,
-0.00285327,
0.0146979,
0.0172112,
0.0149509,
0.0131468,
0.0124945,
0.00397039,
0.00305863,
0.0171436,
-0.0123527,
-0.0118714,
-0.00841217,
-0.0012017,
-0.00100745,
-0.00436897,
0.00878825,
0.0119165,
0.00321709,
0.00800889,
0.0172169,
0.00992214,
0.00175335,
0.00439492,
-0.00255119,
-0.00654879,
-0.0226914,
-0.0114572,
-0.0168368,
-0.00855781,
0.00125285,
0.00482708,
0.0014225,
0.00406172,
0.0231071,
0.010978,
0.00761096,
0.00146747,
0.00498148,
0.00168007,
-0.0044526,
-0.00420876,
-0.00741034,
-0.00194854,
0.00647802,
0.0105518,
0.00851819,
0.0099185,
0.00975101,
0.0131472,
0.0111334,
-0.000487562,
0.0103881,
0.00666839,
-0.00818181,
-0.00931069,
-0.0234283,
-0.00657079,
-0.00740355,
-0.00386346,
0.00139476,
0.00319865,
0.00771686,
0.0223379,
0.0176433,
0.00770886,
-4.97845e-05,
0.0037305,
0.000817156,
-0.00893734,
-0.0057226,
-0.0105699,
-0.00688479,
0.00282019,
0.0042543,
0.00765467,
0.00601926,
0.00974019,
0.0210988,
0.0127906,
0.00998843,
0.00553044,
0.0104967,
-0.000574722,
-0.00970012,
-0.00169305,
-0.0146369,
-0.00386327,
-0.00753795,
-0.00356714,
0.00997587,
0.0119283,
0.0135744,
0.0106822,
0.0216026,
0.0122943,
0.00879501,
-0.00317357,
-0.00407629,
-0.0146783,
-0.00219052,
-0.00603417,
-0.00587503,
-0.00344128,
-0.00607223,
0.00928033,
0.00626863,
0.0131639,
0.0143917,
0.0110634,
0.0127753,
0.00471348,
0.000744377,
-0.00933065,
-0.00656336,
-0.00675388,
-0.00548252,
-0.00370929,
0.00769793,
0.0112031,
0.0130082,
0.0107439,
0.0208234,
0.0177944,
0.012741,
0.0175414,
0.0126357,
-0.00259851,
-0.00560751,
-0.00425361,
-0.012185,
-0.00821129,
-0.00298472,
0.0130791,
0.00422125,
0.00771109,
0.0119637,
0.0161661,
0.0132154,
0.00541903,
0.00871456,
-0.00606745,
-0.0112724,
-0.00929319,
-0.011584,
-0.00061669,
-0.0138169,
-0.00454208,
0.00366842,
0.00222061,
0.00195366,
0.0154029,
0.0194503,
0.0159402,
0.0055553,
0.00145787,
0.0011754,
-0.0024073,
-0.0091742,
-0.00409299,
-0.00293311,
-0.00995303,
0.00571254,
0.0126159,
0.0130254,
0.00843005,
0.0202464,
0.0120271,
0.00308201,
0.00671146,
0.0115996,
-0.00923115,
-0.0100552,
-0.00879527,
-0.00145938,
0.00205289,
-0.00852066,
-2.56891e-05,
0.00416941,
0.0174615,
0.0145291,
0.0190883,
0.0173578,
0.00667298,
0.0065322,
0.00190885,
-0.00782387,
-0.00467906,
-0.0072954,
-0.0113912,
-0.0113093,
0.00387283,
-0.00584509,
0.00275458,
0.00500752,
0.00838265,
0.015889,
0.0101154,
0.00534489,
0.00544806,
-0.00120837,
-0.00657698,
-0.00266332,
-0.0142369,
-0.00467636,
-0.00603781,
0.00116766,
0.00788693,
0.0205914,
0.0101861,
0.0141035,
0.0168568,
0.0118998,
0.0176141,
0.0070332,
0.00190183,
-0.00942551,
-0.0110678,
-0.0131928,
-0.00538116,
0.00277002,
-0.0094254,
-0.00181968,
0.00660119,
0.0122337,
0.0069186,
0.00321376,
0.00760101,
0.00694053,
0.00478584,
-0.00664179,
-0.0122031,
-0.0131518,
-0.00674257,
-0.0132524,
-0.0030688,
0.00153478,
0.00704109,
0.00871134,
0.0121243,
0.0121151,
0.00609579,
0.0110933,
0.00962176,
-0.0009412,
-0.00445048,
-0.0043481,
-0.00911379,
-9.55468e-05,
0.00771071,
-0.00410908,
0.000392736,
0.0013712,
0.00294681,
0.00932647,
0.0162384,
0.0187941,
0.00226675,
0.00540393,
-0.00938024,
-0.00846602,
-0.0203347,
-0.010459,
-0.0127699,
-0.0186488,
-0.00822541,
0.00887428,
0.00377357,
-0.00265691,
0.0191043,
0.0120049,
0.00518662,
0.00320298,
0.0110184,
-0.010738,
-0.010321,
-0.00430617,
-0.00452215,
-0.00306691,
-0.00733266,
-0.00459364,
0.0100721,
0.0134126,
0.0198549,
0.0214491,
0.0142417,
-0.00140068,
0.0161875,
0.0051977,
3.68071e-06,
-0.0160736,
-0.00788291,
-0.00679706,
-0.00473871,
-0.00297147,
-0.0051283,
0.0127804,
0.0146454,
0.0141774,
0.020261,
0.0242458,
0.0107816,
0.00185242,
-0.00745409,
-0.00987353,
-0.00721913,
-0.0117577,
-0.0110551,
-0.0104918,
0.00486579,
0.0104983,
-0.00138956,
0.00485395,
0.0162726,
0.0148418,
0.00582406,
0.0128708,
8.69711e-05,
-0.000418729,
-0.00469075,
-0.0106538,
0.00274964,
-0.00249108,
2.63721e-05,
0.00848655,
0.00314045,
0.00527598,
0.0140733,
0.0324114,
0.015059,
0.00690824,
0.00900834,
0.00671267,
-0.00684567,
0.00168888,
-0.00861928,
-0.00325015,
-0.00893886,
-0.00472414,
0.00697047,
-0.00360285,
0.0126081,
0.0127243,
0.020653,
0.0101896,
0.00791573,
0.0114622,
0.000977742,
-0.0118867,
-0.0137551,
-0.00745777,
-0.00807139,
-0.00270115,
-0.00212085,
0.00427839,
0.00701874,
0.0105078,
0.0083353,
0.00900257,
0.0172466,
0.0136337,
0.00923263,
-0.0117068,
-0.0116621,
-0.00280026,
-0.0112648,
0.0065486,
0.00570336,
-0.00550103,
-0.00127565,
0.0133432,
0.0186591,
0.0147958,
0.0106211,
0.00908741,
0.00052471,
-0.00511524,
-0.0157031,
-0.00150109,
-0.00729779,
-0.0119475,
-0.0122502,
-0.000233858,
-0.00131523,
-0.00248786,
0.00193082,
0.0193548,
0.0105301,
0.00708738,
0.009596,
0.00174621,
-0.00138744,
-0.0099465,
-0.0126946,
0.000358357,
-0.00750573,
-0.00964229,
-0.0111808,
-0.00110304,
0.00773822,
0.00878089,
0.0120631,
0.0172585,
0.013344,
0.0125324,
0.00347243,
-0.00777484,
-0.0110378,
-0.00318594,
-0.00502641,
-0.00621862,
-0.00502804,
0.00077147,
0.00645863,
-0.0023409,
0.0165804,
0.0151732,
0.0110448,
0.00958264,
-0.00349421,
-0.00566746,
-0.00104426,
-0.00918535,
-0.00826726,
-0.0110687,
-0.000516097,
-0.0193144,
-0.00451498,
0.00816344,
0.00555086,
0.0145122,
0.0115883,
0.0124901,
0.00613264,
0.00574263,
-0.000550324,
-0.00933619,
-0.00666357,
-0.00704743,
-0.0136669,
-0.012404,
-0.00807696,
0.0107899,
0.0019688,
0.00941602,
0.0205111,
0.0189812,
0.00586983,
0.00269956,
0.00516294,
-0.0205502,
-0.00784383,
-0.00599326,
-0.00867233,
-0.00536435,
-0.0133115,
-0.0027238,
-0.00298878,
-0.00362482,
0.00934047,
0.0189923,
0.00994411,
0.000708101,
0.00669628,
-0.00207991,
-0.0165406,
-0.0102389,
-0.0163458,
0.00577215,
-0.0102306,
-0.00577345,
-0.00570586,
0.00451783,
0.0146082,
0.00726744,
0.0048113,
0.018517,
0.00529727,
0.0132755,
0.00288101,
-0.0076116,
-0.00243546,
-0.00640395,
-0.0063827,
-0.00682928,
-0.00391715,
0.00464259,
0.0124656,
0.011224,
0.0190909,
0.0215781,
0.011462,
0.00137727,
0.00287449,
0.000587624,
-0.0124823,
-0.00710347,
-0.00443461,
-0.0142428,
-0.00692039,
-0.0116784,
0.0023374,
0.0116753,
0.0219882,
0.010385,
0.00756155,
-0.00372682,
0.00212821,
-0.00484435,
-0.0081236,
0.000163621,
-0.0223925,
-0.0100907,
-0.00701498,
-0.00713079,
-0.00430928,
0.0139736,
0.0150649,
0.0217584,
0.0200564,
0.00667966,
0.00411561,
0.00926086,
0.00604058,
0.00488958,
-0.0104966,
-0.000110497,
0.00066029,
-0.0138079,
-0.00331139,
-0.00350191,
0.0126442,
0.0176944,
0.0135876,
0.000769117,
0.0120458,
0.00212829,
-0.0010427,
-0.00273234,
-0.00817577,
-0.0111975,
-0.0141699,
-0.0144474,
-0.0109422,
-0.0124473,
0.00383796,
0.00431463,
0.0126558,
0.0145217,
0.0102415,
0.00151964,
0.00148454,
-0.00474861,
-0.00874917,
-0.0108446,
-0.0125915,
-0.00625846,
-0.00903744,
-0.00454534,
0.00546901,
0.0063476,
0.0119591,
0.0156335,
0.0194754,
0.00901308,
0.00224117,
0.0155972,
0.00654522,
-0.00705756,
-0.00821125,
-0.00958765,
-0.00257119,
0.0043706,
-0.0124063,
0.00279434,
0.00772521,
0.00110106,
0.0148355,
0.00463318,
0.0020453,
-0.00183721,
0.000766803,
0.00067524,
-0.00912009,
-0.00683053,
-0.00843172,
-0.00349645,
-0.00372632,
-0.00591627,
0.00763638,
0.00638038,
0.0115977,
0.0131005,
0.0121268,
0.0121585,
0.00294294,
0.00354779,
-0.00529791,
-0.0118431,
-0.00793144,
-0.0157435,
-0.0123116,
-0.00344317,
0.011521,
0.00341517,
0.0042837,
0.00756713,
0.00958321,
0.0188251,
0.00137389,
-0.00244525,
0.00155345,
-0.00566352,
-0.0113998,
-0.0158489,
-0.00853592,
-0.014203,
-0.00113988,
-0.00125072,
0.000893199,
0.0113118,
0.00933323,
0.0158293,
0.0103746,
0.00342181,
-0.00245864,
-0.00779761,
-0.0195847,
-0.0161392,
-0.0106493,
-0.00653217,
-0.00475893,
-0.00633523,
0.00340762,
0.00244893,
0.0126527,
0.0119432,
0.0120268,
-0.000961197,
0.00933125,
0.00885162,
-0.0069224,
-0.0114663,
-0.00809973,
-0.00103587,
-0.00532675,
-0.00758557,
0.00695966,
0.0100897,
0.00904059,
0.0135608,
0.0190236,
0.00109848,
0.00954621,
0.0121142,
0.0031047,
-0.00236135,
-0.000847475,
-0.00639222,
-0.00397946,
-0.00990681,
-0.00474599,
-0.00168467,
-0.00159747,
0.00758113,
0.00804429,
0.0122361,
-0.00680697,
0.00634934,
-0.00257692,
0.00229593,
-0.00588277,
-0.00427171,
-0.00974596,
-0.0132722,
-0.00757498,
0.00420292,
-0.00429486,
0.000369399,
0.0100213,
0.0285533,
0.00672455,
0.00772172,
0.0088372,
0.00500273,
-0.00441591,
0.00128692,
-0.00883417,
-0.00205441,
-0.00967762,
-0.0103567,
-5.46036e-05,
0.00131398,
0.0209057,
0.015866,
0.0203926,
0.00179076,
-0.00150936,
0.017303,
-0.00336873,
-0.0167381,
-0.00723617,
-0.00791869,
-0.0139249,
-0.0093758,
-0.00954128,
0.00333431,
0.00607811,
0.00790761,
0.0131574,
0.0159935,
0.00887632,
0.0102744,
0.00596761,
-0.000252831,
-0.0103381,
-0.004966,
-0.00648731,
-0.0107409,
-0.00870257,
-0.00962772,
0.0134067,
0.0131892,
0.0195403,
0.0184759,
0.0228014,
0.0142021,
0.00122947,
0.00286428,
-0.00772301,
-0.00794981,
0.00368413,
-0.00380832,
-0.0153534,
-0.00675878,
-0.00196759,
0.00170136,
0.0159575,
0.0147764,
0.0101104,
0.0142481,
0.00766101,
0.00955783,
0.0131984,
0.00263683,
-0.00988928,
-0.00439238,
-0.0117822,
-0.0035846,
0.00368978,
0.00164418,
0.00611101,
0.0213218,
0.0218986,
0.0174245,
0.00817236,
0.0053513,
0.0116768,
0.00358346,
-0.00388167,
-0.00746919,
0.0022968,
0.00613116,
-0.00842504,
-0.0127034,
0.00839134,
0.012606,
0.018209,
0.0242349,
0.0164359,
0.00741709,
0.0164454,
0.00776881,
-0.001479,
-0.00253806,
-0.0135503,
-0.00874928,
-0.00634297,
-0.00190862,
-0.00035665,
-0.000523876,
0.0108491,
0.0137047,
0.0140059,
0.012682,
-0.00478884,
0.00612786,
0.00789464,
0.00256033,
-0.00376453,
-0.00686438,
-0.011944,
-0.000556053,
-0.00114713,
0.000647995,
0.00304812,
0.00960309,
0.0176958,
0.0142619,
0.00880696,
0.00877543,
0.0110268,
0.00316777,
0.00172125,
-0.00612197,
-0.0105626,
0.00031859,
0.00295106,
0.00184222,
0.00781446,
0.00943587,
0.0159245,
0.0234562,
0.0192369,
0.00944649,
0.00421081,
0.00274657,
0.0130722,
-0.00543091,
-0.00623297,
-0.00944604,
0.000390118,
-0.00522111,
-0.00306133,
0.00365131,
0.0147958,
0.00656799,
0.0186425,
0.00832236,
0.0120821,
0.00374917,
0.00449502,
0.000671673,
-0.00502493,
-0.00413606,
-0.00591517,
-0.00752247,
0.00281404,
-0.000413682,
0.0151332,
0.0124067,
0.0134417,
0.0180569,
0.0122412,
0.014324,
0.00561673,
0.0136746,
-0.00624192,
-0.00295212,
-0.0126617,
-0.00536219,
0.00125634,
-0.00231858,
0.00363358,
0.0071385,
0.0118609,
0.0191718,
0.0100937,
-0.00105519,
0.00787358,
-0.000551044,
0.0138069,
-0.0118945,
-0.00190691,
-0.00544825,
-0.0116024,
-0.00519239,
0.000449085,
0.00393612,
0.0112547,
0.014077,
0.0228469,
0.0128345,
0.0014691,
0.00766074,
-0.00102662,
-0.000237956,
-0.00973723,
-0.0093736,
-0.00567775,
-0.00918577,
-0.0101818,
0.0140573,
0.00422356,
0.00758121,
0.0145356,
0.0145007,
0.00879713,
0.00775363,
0.00900219,
-0.00517926,
-0.00967929,
-0.00366705,
-0.00876192,
-0.0124072,
-0.0093264,
-0.00260678,
-0.00259987,
0.00179698,
0.0181996,
0.0209478,
0.00921245,
0.00554251,
0.00142747,
0.012914,
-0.00130377,
-0.0120228,
-0.0102268,
-0.00902974,
-0.007919,
-0.0138135,
0.0102327,
0.00494517,
0.00392277,
0.0155985,
0.0166914,
0.0091224,
0.0122056,
0.00828491,
0.0100194,
-0.000757089,
-0.0100801,
-0.00872166,
-0.00382259,
-0.00833556,
-0.00403289,
0.00721754,
0.00918972,
0.0159607,
0.0209806,
0.0141125,
0.000588383,
0.00476645,
0.00846534,
0.0063218,
-0.00967732,
-0.0103292,
-0.00700713,
-0.00724812,
-0.0190173,
-0.00407178,
0.00270415,
0.0085717,
0.012509,
0.00980781,
0.0162587,
-0.00116732,
0.0111209,
-0.00578923,
0.000137818,
-0.0106922,
-0.00477191,
-0.0100682,
-0.00497276,
-0.00386297,
-0.0031675,
-0.00241591,
0.00531127,
0.0189485,
0.0190598,
0.00938392,
0.00377672,
0.010404,
0.00818291,
-0.0013668,
-0.0100234,
-0.00891419,
-0.0048549,
-0.0159201,
-0.00529863,
0.00872515,
0.00832433,
0.0091372,
0.0119986,
0.0133819,
0.00419764,
0.00675214,
0.00328342,
-0.00146466,
-0.0107833,
-0.00688013,
-0.00893984,
-0.0116364,
-0.0185564,
0.00115244,
0.00315137,
0.0156943,
0.00598628,
0.0115934,
0.0182666,
0.00639385,
0.00688195,
0.00494248,
0.0037426,
-0.000946816,
-0.00885211,
-0.0116097,
-0.00312018,
-0.00438096,
-0.00393677,
0.00264006,
0.00373482,
0.0165749,
0.013127,
0.0184004,
0.00316925,
0.00403281,
0.00483911,
-0.00269417,
0.00191849,
-0.0104083,
-0.0120797,
-0.000997739,
-0.00620883,
-0.00498763,
0.00331063,
0.0199794,
0.0126037,
0.00489873,
0.00190634,
0.000592898,
0.00123376,
-0.00546468,
-0.0052372,
-0.00836755,
-0.0102718,
-0.00505104,
-0.0126142,
-0.00481445,
0.00616667,
0.00451529,
0.0109821,
0.0186165,
0.0130962,
0.00286481,
0.00830957,
0.00270297,
0.00777852,
0.00244737,
-0.00568511,
-0.013322,
-0.0145197,
0.00110076,
0.0024627,
0.0042505,
0.0109933,
0.00865855,
0.0188681,
0.0131628,
0.00513888,
0.0134439,
0.0005164,
0.00485877,
-0.00641833,
-0.00840633,
-0.0109082,
-0.00901414,
-0.000471511,
0.00483923,
0.00360126,
0.0117179,
0.0129029,
0.0148492,
0.0155477,
-0.00427008,
0.000541482,
0.00672292,
-0.0062393,
-0.00330437,
-0.00401228,
-0.022196,
-0.00285563,
-0.00115036,
0.00481373,
0.00993785,
0.0122423,
0.0172891,
0.00950937,
0.0075861,
0.00467796,
0.0133237,
-0.00217302,
-0.00277237,
-0.00962491,
-0.00568219,
-0.000212609,
-0.0113661,
0.00189268,
0.00419089,
0.00428173,
0.0192276,
0.0146564,
0.0113377,
0.00375645,
0.00777393,
0.00766935,
-0.0072027,
-0.00517413,
-0.00203923,
-0.00993997,
-0.00315608,
-0.00500645,
-0.00719701,
0.00419947,
0.000827629,
0.0130559,
0.0098269,
0.00998327,
-0.00224004,
0.00790405,
-0.00715015,
-0.000788469,
-0.00551223,
-0.0154348,
-0.0156367,
-0.00787434,
0.00126613,
0.0051939,
0.00287198,
0.0183106,
0.0173825,
0.0115895,
0.00553261,
0.0106827,
0.0156037,
0.00791649,
-0.00271086,
-0.0118995,
-0.00652435,
-0.0162119,
-0.00745477,
0.00269663,
0.00411974,
0.000233137,
0.0106768,
0.0162564,
0.0102774,
-0.00210878,
0.00514788,
0.0109536,
-0.00493743,
-0.00854745,
-0.00326555,
-0.00402184,
-0.00888209,
-0.0146329,
-0.00635428,
0.00030751,
-0.00524995,
0.0113631,
0.0170246,
0.0125742,
0.00526262,
0.00458112,
0.0142804,
-0.00844913,
-0.00540636,
-0.00939644,
-0.00504637,
-0.00981627,
-0.00791266,
0.013845,
0.0118009,
0.0111076,
0.0112478,
0.01407,
0.0128143,
0.00441947,
0.010284,
0.0109807,
-0.00421423,
-0.0111266,
-0.0120501,
-0.00791425,
-0.0151283,
0.00123957,
0.0059903,
0.0110261,
0.018977,
0.0129359,
0.00827098,
0.0105273,
0.0123265,
0.0124792,
-0.0021465,
-0.00145696,
-0.0118204,
-0.0105997,
-0.0185337,
-0.00559901,
-0.00136004,
0.00320101,
0.0112131,
0.014234,
0.0142469,
0.0102325,
-0.000537877,
0.0154914,
0.00636126,
0.00460552,
-0.0117538,
-0.0116866,
-0.00654488,
-0.00290192,
0.00447275,
0.00666129,
0.0107323,
0.00861746,
0.011595,
0.0184719,
0.0145976,
0.00573091,
0.00437155,
-0.00190156,
-0.0102321,
-0.0107838,
-0.00748858,
-0.00668596,
-0.00472046,
-0.0074111,
0.00670121,
0.0154734,
0.008923,
0.0133361,
0.00146204,
0.0102786,
0.0103641,
0.0139466,
-0.00799899,
-0.0117853,
-0.0134299,
-0.00951487,
-0.00255984,
-0.00701764,
-0.00212533,
0.0030792,
0.0076832,
0.0117441,
0.00463341,
0.00693166,
0.00866865,
0.0108448,
0.0105272,
-0.0119801,
-0.00873069,
-0.00959179,
-0.00835359,
-0.00190194,
0.000643366,
-0.00939447,
0.0106187,
0.0155679,
0.00906108,
0.0163807,
0.00500418,
0.00167833,
0.0153931,
-0.000720813,
-0.00603694,
-0.00523018,
-0.0157462,
-0.0206992,
-0.00974258,
-0.00625399,
0.00564815,
0.0042771,
0.00197157,
0.00729331,
0.0180884,
0.000525925,
0.00790082,
0.0106404,
0.00265694,
-0.00794321,
-0.00395377,
-0.00996498,
-0.00298919,
0.000551196,
0.0006239,
0.00696953,
0.00812379,
0.0207842,
0.0236718,
0.0154731,
0.0128311,
0.00726501,
0.0090349,
0.00539145,
-0.00724527,
-0.0148538,
-0.00215568,
-0.00266905,
-0.00314105,
-0.000983092,
0.0181722,
0.00180621,
0.00714783,
0.0099588,
0.0144046,
0.00919029,
0.00873589,
-0.00219154,
-0.00972881,
-0.00662418,
-0.00578024,
-0.0108752,
-0.00466999,
0.000535866,
0.0122142,
0.0098357,
0.000707304,
0.0197355,
0.0234511,
0.0162369,
8.68193e-05,
0.00142019,
0.00493102,
-0.0030117,
-0.0034184,
-0.0106354,
-0.00290947,
-0.00369289,
0.0118742,
0.00692627,
0.00114743,
0.00390949,
0.0192978,
0.00920015,
0.00848476,
0.00615237,
-0.000335286,
-0.0104275,
-0.00868595,
-0.0105671,
-0.00804023,
-0.00735797,
-0.00847243,
0.00458344,
0.00254068,
0.0113302,
0.013909,
0.015627,
0.0115951,
0.00197912,
0.00436183,
-0.00283817,
-0.00529992,
-0.0157484,
-0.0131007,
-0.000820989,
-0.0074983,
-0.00628385,
0.00749021,
0.00537327,
0.00328828,
0.0116779,
0.0126934,
0.0131127,
0.000342496,
0.0130821,
0.00475734,
-0.00448189,
-0.0137858,
-0.00164084,
-0.00184795,
-0.00945594,
0.00982337,
0.00875293,
0.00540757,
0.0119336,
0.0195929,
0.0166599,
0.0141565,
0.00702724,
0.000265239,
0.0052301,
-0.00876048,
-0.011123,
-0.0123037,
-0.00980265,
-0.00721526,
-0.00152495,
0.00291292,
0.00680769,
0.0208784,
0.00765368,
0.00534747,
0.00436362,
0.00539642,
0.00412961,
-0.0172398,
-0.0124541,
-0.00678052,
-0.0103977,
-0.0058205,
-0.00816568,
0.00655144,
-0.00162627,
0.0130519,
0.0204222,
0.0193769,
0.00576214,
0.00473693,
0.0142622,
0.00017952,
-0.0148599,
-0.00859264,
-0.0052057,
-0.00527537,
-0.00631178,
-0.000386968,
0.0038756,
0.00478773,
0.0158835,
0.0155516,
0.00587282,
0.00711353,
0.00893279,
0.00132764,
0.0010668,
-0.00756337,
-0.0109086,
-0.0149447,
-0.00218619,
-0.00823967,
0.00216813,
0.000911337,
0.00940953,
0.00804828,
0.0200237,
0.0206223,
0.00874287,
0.00349334,
0.0023645,
0.00452584,
-0.012681,
-0.0114009,
-0.00282937,
-0.00269242,
-0.00233767,
0.0035761,
0.0112819,
0.00313214,
0.0176151,
0.018453,
0.00945078,
0.00740696,
0.0147008,
-0.00712802,
-0.00551784,
-0.00340234,
-0.0102107,
-0.0114383,
-0.00615946,
0.00253336,
-0.00307825,
-0.00103159,
0.00487607,
0.0211209,
0.00307119,
0.00603614,
0.00511308,
0.0109694,
-0.00739455,
-0.0109525,
-0.0185778,
-0.016298,
-0.00877934,
0.00114933,
-0.00241216,
0.00648378,
0.00194474,
0.0134855,
0.0120773,
0.00368326,
0.00875274,
0.0144604,
0.00225658,
-0.00964745,
-0.00676507,
-0.0128672,
-0.00687474,
-0.00280831,
0.00225282,
0.00343483,
0.00488867,
0.0115423,
0.0120766,
0.0220767,
0.0148755,
0.00833674,
0.00473104,
0.00264355,
-0.0108145,
-0.0144655,
-0.00338026,
-0.00147452,
-0.00467071,
-0.00672906,
-0.00101292,
0.00581663,
0.0113314,
0.0128217,
0.00818932,
0.00794681,
0.00905402,
-0.000395468,
-0.0042011,
-0.00830612,
-0.0172138,
-0.0145395,
-0.00397384,
0.000476785,
-0.00108475,
0.00610239,
0.0204201,
0.00950979,
0.0149242,
0.0171341,
0.00539152,
-0.00141396,
0.0118279,
0.00102597,
-0.00833348,
-0.00938202,
-0.00426614,
0.0080416,
0.00111472,
-0.00489979,
0.0094416,
0.0145372,
0.0177905,
0.0125564,
0.0169046,
0.00349269,
0.00588774,
-0.00284739,
-0.00628089,
-0.0126263,
-0.0167754,
-0.0115234,
-0.0059875,
-5.12644e-05,
-0.00426003,
0.0106547,
0.00885777,
0.0242622,
0.0135977,
0.00517823,
0.00860076,
-0.00153751,
-0.00625023,
-0.015791,
-0.0199223,
-0.00418243,
-0.0066309,
-0.00164888,
0.00143711,
0.0106341,
0.00585556,
0.0159777,
0.0206597,
0.0198903,
0.00116933,
0.00768658,
0.010764,
-0.001816,
-0.0055581,
-0.0094833,
-0.00740578,
-0.00640501,
0.0100948,
0.00611727,
0.00116474,
0.00889059,
0.0154279,
0.00899616,
0.00151968,
0.00657315,
0.00588277,
-0.00222216,
-0.0176948,
-0.0142787,
-0.0116264,
-0.0080929,
-0.00755734,
-0.00534686,
0.00172424,
0.0064406,
0.0120068,
0.013887,
0.0198769,
0.0122405,
0.00937906,
0.00859636,
-0.00861264,
-0.0114896,
-0.0012637,
-0.0135022,
-0.000223423,
-0.00241641,
0.011525,
-0.00248573,
0.00175858,
0.012088,
0.0133556,
0.00594959,
0.0144305,
0.00915139,
0.00753226,
-0.00652951,
-0.0113805,
0.000403702,
-0.0108958,
-0.00746995,
0.000675771,
0.00387052,
0.00513634,
0.00696524,
0.0197518,
0.0144251,
0.0145233,
0.00616618,
-0.00167025,
-0.00177042,
-0.0148942,
-0.0104412,
-0.0119812,
-0.00926022,
-0.0123022,
0.00646371,
-0.0071687,
0.000591115,
0.0184095,
0.0169662,
0.0153695,
0.00798419,
0.00685349,
0.0123293,
0.00254121,
-0.016198,
-0.00423407,
-0.00717443,
-0.00551724,
-0.0083386,
0.00267334,
0.00470346,
0.00801857,
0.0146732,
0.0184911,
0.0187211,
0.0233459,
0.0180322,
0.00922425,
-0.00638953,
-0.00762484,
-0.0133103,
-0.00677615,
-0.0107709,
-0.00527256,
0.00361116,
-0.00568332,
0.00893662,
0.00471344,
0.00282721,
0.00803097,
0.00617821,
-0.00220065,
-0.00531753,
-0.00974493,
-0.0191134,
-0.00579633,
-0.00703999,
-0.00604954,
-0.00548032,
-0.000727681,
-0.00101432,
0.00782835,
0.0157797,
0.0140831,
0.0117999,
0.012298,
0.0134801,
-0.000905569,
-0.00728337,
-0.0172388,
-0.00213144,
-0.000952204,
-0.00191541,
0.00489133,
-0.000745515,
0.00187678,
0.00674716,
0.0186458,
0.016734,
0.012543,
0.00192816,
0.0112104,
-0.00309453,
-0.00930553,
-0.0114814,
-0.0123818,
-0.00497162,
-0.0140041,
0.00366197,
0.00831966,
0.00301792,
0.0125985,
0.010413,
0.00965887,
0.00870056,
0.012534,
0.00682328,
-0.00955361,
-0.0119728,
-0.001114,
-0.00292435,
-0.00205103,
0.00135951,
0.0123527,
0.0124217,
0.00987429,
0.0199214,
0.0183939,
0.00947381,
-0.00146029,
0.00710655,
0.00644113,
-0.00249958,
-0.00924846,
-4.28784e-06,
-0.00239728,
-0.00154806,
-0.000243762,
0.00706936,
0.000915359,
0.0107876,
0.00752091,
0.0149448,
0.0102657,
0.00533521,
0.00821558,
-0.0024454,
-0.0134132,
-0.00720266,
-0.0125166,
-0.00805033,
-0.00584641,
0.0094685,
0.00166941,
-0.00334292,
0.00936939,
0.0225049,
0.0152245,
0.00802949,
0.00257984,
0.00186115,
0.00371942,
-0.0107208,
-0.00936309,
-0.0056321,
0.00181941,
-0.00263262,
0.0106172,
0.00703912,
0.016378,
0.0160362,
0.0206447,
0.0184537,
0.00942566,
-0.00116219,
0.000560076,
-0.00592424,
-0.0142401,
-0.000672432,
-0.00741148,
-0.00439363,
-0.0013427,
-0.00363188,
-0.00270472,
0.0163998,
0.0115113,
0.012809,
0.00559392,
0.00376689,
-0.000668486,
-0.0109889,
-0.00759711,
-0.0110162,
-0.0136291,
-0.00839472,
-0.00296665,
-0.0017982,
0.0017439,
0.00845437,
0.00512469,
0.0269098,
0.0147934,
0.00804209,
0.00940752,
-0.00290712,
-0.00526653,
-0.00263535,
-0.00534273,
-0.0010462,
-0.00347334,
0.0100191,
0.0157716,
0.00951832,
0.0108614,
0.0134854,
0.0169591,
0.00559317,
0.0124712,
0.0149046,
-0.00483243,
-0.00776646,
-0.0101961,
-0.0117153,
-0.00527237,
-0.00818811,
-0.00682066,
0.00126267,
0.00816746,
0.0159542,
0.0117797,
0.0145182,
0.00825861,
0.000310508,
0.0011236,
-0.00612266,
-0.00262678,
-0.0111216,
-0.0101644,
0.00306915,
-0.00165215,
0.00342655,
0.00185717,
0.017723,
0.0203191,
0.0173696,
0.0201397,
0.00753825,
0.00951294,
0.00179012,
-0.00298889,
-0.0113404,
-0.00594086,
-0.00631743,
-0.00232898,
-0.00492961,
0.00157588,
0.00254284,
0.00256113,
0.00768408,
0.0165543,
0.0105852,
0.00484594,
0.00754497,
-0.00558224,
-0.00789733,
-0.0116281,
-0.00263482,
-0.00922762,
-0.00813859,
-0.0146294,
-0.00128286,
0.00711061,
0.012176,
0.0205923,
0.00704534,
0.0194016,
0.0032956,
-0.00176936,
-0.00599691,
-0.00360896,
-0.0117483,
0.00167909,
-0.00762636,
-0.0103858,
0.00129861,
0.00286375,
0.00536007,
0.0180379,
0.0178194,
0.0172228,
0.0166318,
0.00209713,
-0.00639882,
-0.00727605,
-0.00270832,
-0.000377975,
-0.00810979,
-0.00746581,
-0.0045039,
-0.0023966,
-0.000189614,
0.00569619,
0.00747799,
0.00747503,
0.00933342,
0.00331203,
0.00824897,
-0.00901403,
-0.0117938,
-0.00825182,
-0.011416,
-0.00482128,
-0.0107249,
0.000107348,
0.000276053,
0.00462882,
0.0098889,
0.0224462,
0.010001,
0.0106793,
0.0166321,
0.00845832,
0.00121615,
-0.00635128,
-0.0134431,
-0.0102574,
-0.00517709,
